LOT,OPER,DEVREVSTEP,TTEST
6516C485,7721,8PAREVL,384
6522A517,7721,4GKAEVL,415
6522A518,7721,4GKAEVL,393
6522B327,7721,4GKAEVL,1249
6522B366,7721,4GKAEVL,1260
6522B388,7721,4GKAEVL,56
6522B560,7721,4GUAEVL,1256
6523A439,7721,4GUAEVL,1231
6523A528,7721,4GUAEVL,1236
6524C519,7721,8PARDVL,786
6524C520,7721,8PARDVL,804
6524C521,7721,8PARDVL,753
6525A460,7721,8PKAEVL,333
6525B120,7721,8PKAEVL,608
6525B121,7721,8PKADVL,640
6525B340,7721,8PKAEVL,840
6525B402,7721,8PARFVL,169
6525B404,7721,8PARDVL,394
6525B405,7721,8PARDVL,392
6525B431,7721,8PKAEVL,840
6525B468,7721,8PKAEVL,1662
6525B505,7721,8PKAEVL,837
6525B509,7721,8PKAEVL,401
6525B700,7721,8PARDVL,681
6525B701,7721,8PARDVL,637
6525B702,7721,8PAREVL,601
6525C285,7721,8PKADVL,646
6525C321,7721,8PKAEVL,945
6526A199,7721,8PARDVL,778
6526A219,7721,8PKABVL,1257
6526A620,7721,8PARFVL,755
6526B081,7721,8PKAEVL,765
6526B097,7721,8PARDVL,760
6526B137,7721,8PARDVL,1605
6529C280,7721,8PARDVL,766
6530B932,7721,8PKAEVL,417
6530C324,7721,8PARDVL,308
6530C501,7721,8PARDVL,771
6530C502,7721,8PARDVL,522
6530C503,7721,8PARDVL,761
6530C504,7721,8PKAEVL,1291
6530C505,7721,8PKAEVL,1229
6530C506,7721,8PKAEVL,1052
6531A078,7721,8PKAEVL,840
6531A157,7721,8PKAEVL,1214
6531A479,7721,8PAREVL,840
6531A480,7721,8PAREVL,840
6531A522,7721,8PAREVL,39
6531A529,7721,8PARDVL,1176
6531A542,7721,8PARDVL,1190
6531A651,7721,8PAREVL,1259
6531A843,7721,8PKAEVL,1260
6531A878,7721,8PARDVL,1194
6531A965,7721,8PARDVL,807
6531B344,7721,8PARDVL,1125
6531C158,7721,8PARFVL,420
6531C338,7721,8PAREVL,271
6531C339,7721,8PAREVL,637
6532A062,7721,8PARDVL,1196
6532A079,7721,8PARDVL,1189
6532A176,7721,8PARFVL,412
6532A192,7721,8PARDVL,1192
6532A447,7721,8PARDVL,803
6532A536,7721,8PARDVL,794
6532A578,7721,8PARFVL,788
6532A579,7721,8PARDVL,800
6532A631,7721,8PARFVL,840
6532A645,7721,8PARFVL,420
6532A736,7721,8PARDVL,1176
6532A839,7721,8PARFVL,840
6532A955,7721,8PARFVL,792
6532A992,7721,8PARFVL,840
6532B014,7721,8PARFVL,1680
6532B022,7721,8PARFVL,1257
6532B214,7721,8PARFVL,840
6532B235,7721,8PARFVL,1245
6532B879,7721,8PARFVL,840
6532B883,7721,8PARDVL,403
6532B911,7721,8PARDVL,175
6532B918,7721,8PARFVL,1163
6532C425,7721,8PARFVL,1236
6533A026,7721,8PARFVL,840
6533A02K,7721,8PARDVL,607
6533A095,7721,8PARDVL,782
6533A10K,7721,8PARDVL,955
6533A182,7721,8PARDVL,1182
6533A382,7721,8PARDVL,789
6533A397,7721,8PARDVL,1587
6533A408,7721,8PARDVL,1608
6533A429,7721,8PARDVL,1604
6533A443,7721,8PARDVL,1560
6533A449,7721,8PARDVL,1573
6533A470,7721,8PARDVL,1582
6533A489,7721,8PARDVL,1556
6533A551,7721,8PARDVL,1211
6533A581,7721,8PARDVL,1202
6533B163,7721,8PARDVL,787
6533B207,7721,8PARDVL,815
6535A176,7721,8PKAEVL,1240
6535A659,7721,8PKABVL,588
