P2463724,P2463724
P2463754,P2245118
P2429974,P2261928
P2452700,P2463754
P2247578,P2254138
P2483278,P2242438
P2429384,P2248568
P2430814,P2246588
P2481428,P2482132
P2571092,P2452700
P2245088,P2249118
P2246038,P2449090
P2246818,P2430904
P2253538,P2430694
P2245118,P2463734
P2253748,P2314818
P2258998,P2447410
P2260258,P2242858
P2326588,P2434776
P2244168,P2398954
P2244228,P2429384
P2246218,P2325028
P2246778,P2324618
P2244958,P2323998
P2244968,P2808874
P2429414,P2259438
P2474688,P2434956
P2253618,P2468224
P2255188,P2324598
P2256388,P2434766
P2258968,P2808851
P2242698,P2247018
P2245058,P2246628
P2245148,P2247438
P2245258,P2217498
P2245348,P2468294
P2245388,P2422612
P2245398,P2467834
P2251748,P2430384
P2252878,P6013449
P2253138,P2261478
P2254138,P2447110
P2259438,P2468324
P2259688,P2802234
P2260428,P2247128
P2324998,P2210378
P2325028,P2396234
P2325258,P2430444
P2326068,P2243368
P2329378,P2243008
P2329388,P2244338
P2345800,P2244218
P2396084,P2802213
P2396184,P2387948
P2437016,P2465234
P2437046,P2434856
P2437586,P2452670
P2437596,P2244268
P2437706,P2451810
P2437746,P2801754
P2437766,P2429374
P2437776,P2253638
P2442688,P2452690
P2442758,P2260358
P2446880,P2437586
P2448630,P2445490
P2449070,P2244378
P2449080,P2245948
P2214978,P2445230
P2218838,P2243998
P2401436,P2468204
P2415932,P2429654
P2422612,P2430974
P2429534,P2246978
P2429564,P2324568
P2429984,P2466394
P2430284,P2431214
P2433976,P2440776
P2445110,P2481398
P2445240,P2808855
P2446400,P2259408
P2449810,P2478598
P2452690,P2469754
P2468134,P2244258
P2468204,P2430324
P2468224,P2430274
P2474208,P2244128
P2474738,P2396854
P2478598,P2463744
P2478768,P2808866
P2479368,P2257668
P2479478,P2430364
P2481718,P2433986
P2482132,P2430094
P2494798,P2430634
P2496118,P2463444
P2509378,P2468074
P2243328,P2245858
P2244748,P2255418
P2244778,P2325008
P2259638,P2326188
P2259658,P2430564
P2324878,P2449470
P2387948,P2242738
P2437656,P2430014
P2442748,P2449480
P2216568,P2324278
P2217478,P2495228
P2218558,P2808856
P2218628,P2242828
P2242738,P2448630
P2242858,P2400150
P2243008,P2252028
P2243368,P2243508
P2244218,P2467924
P2244258,P2429564
P2244908,P2500128
P2244928,P2247638
P2245278,P2437746
P2245308,P2430854
P2245418,P2430054
P2245448,P2324578
P2245488,P2445180
P2245528,P2445150
P2245588,P2801758
P2245758,P2487158
P2245948,P2251828
P2246018,P2244928
P2246318,P2802219
P2247048,P2252698
P2247088,P2808857
P2247128,P2418722
P2248318,P2245568
P2248698,P2808859
P2251588,P2253138
P2252728,P2397124
P2252838,P2474898
P2253848,P2245398
P2254198,P2429944
P2254348,P2437606
P2255418,P2246788
P2255918,P2262738
P2256018,P2325058
P2260138,P2252138
P2260238,P2259738
P2324408,P2247958
P2324568,P2250288
P2324588,P2259688
P2324598,P2434036
P2324608,P2431284
P2325018,P2329388
P2325068,P2396084
P2326398,P2252728
P2326528,P2260728
P2329458,P2324588
P2396094,
P2396124,
P2396194,
P2396234,
P2396254,
P2434986
P2436926
P2437566
P2437666
P2437696
P2437736
P2443358
P2447110
P2447550
P2447610
P2447670
P2447700
P2447830
P2448720
P2448810
P2449060
P2449090
P2212238
P2212418
P2213088
P2216848
P2217578
P2418572
P2422102
P2429374
P2429934
P2429964
P2430054
P2430064
P2430124
P2430244
P2430334
P2430394
P2430564
P2430574
P2430614
P2430654
P2430674
P2430884
P2430894
P2431064
P2431164
P2431254
P2433986
P2434036
P2434076
P2434086
P2440766
P2440776
P2445120
P2445250
P2445260
P2445280
P2445490
P2449330
P2449390
P2449470
P2463744
P2465274
P2467924
P2468004
P2468014
P2468114
P2468144
P2468174
P2468284
P2468294
P2468314
P2468324
P2469754
P2474178
P2478658
P2478668
P2478678
P2478688
P2478748
P2478778
P2479348
P2479388
P2479428
P2479538
P2479838
P2480098
P2481378
P2481398
P2481418
P2481638
P2487038
P2487068
P2487158
P2488528
P2489328
P2494308
P2494718
P2494738
P2501358
P2501368
P2501868
P2503768
P2505868
P2509418
P2513248
P2513288
P2242638
P2243878
P2244148
P2244238
P2244278
P2244408
P2244858
P2244888
P2245158
P2245438
P2246508
P2247468
P2247858
P2247978
P2248528
P2248558
P2249118
P2251758
P2252988
P2253478
P2253828
P2254048
P2258928
P2260638
P2261548
P2325238
P2434856
P2442728
P2448750
P2570882
P2570922
P2245558
P2245778
P2246288
P2247378
P2251608
P2251788
P2251858
P2252008
P2252058
P2252198
P2252468
P2252738
P2259248
P2323858
P2324288
P2324538
P2324548
P2326018
P2326198
P2326888
P2329468
P2343130
P2396144
P2429574
P2430604
P2430994
P2431144
P2434206
P2445140
P2445270
P2451830
P2452090
P2467644
P2469064
P2471038
P2478798
P2479768
P2494858
P2496688
P2508788
P2508848
P2242768
P2243998
P2248488
P2249018
P2249208
P2249468
P2250318
P2255238
P2255268
P2256238
P2261478
P2262618
P2262808
P2324768
P2325168
P2325218
P2329838
P2434766
P2570952
P2570972
P2245818
P2252258
P2252648
P2260148
P2326418
P2326548
P2329798
P2329808
P2457480
P2430664
P2431994
P2434226
P2434236
P2434296
P2442938
P2442958
P2445560
P2466374
P2467234
P2471218
P2474398
P2479498
P2479758
P2479788
P2480148
P2480178
P2495158
P2496408
P2496588
P2506028
P2513218
P2513278
P2242458
P2242848
P2242918
P2243258
P2243298
P2243388
P2243848
P2243978
P2244028
P2244068
P2244078
P2244188
P2244298
P2244578
P2245168
P2245228
P2245748
P2245788
P2245908
P2246738
P2246978
P2246988
P2247138
P2248438
P2248538
P2249268
P2249888
P2249898
P2250268
P2251778
P2252718
P2253148
P2253268
P2253598
P2253928
P2253968
P2254018
P2254058
P2254498
P2255298
P2255348
P2255648
P2255968
P2256228
P2257068
P2258978
P2259608
P2260528
P2260878
P2260948
P2261198
P2261278
P2262148
P2262248
P2262688
P2262708
P2262908
P2262998
P2324748
P2324898
P2325108
P2325198
P2325228
P2326798
P2329748
P2387968
P2388988
P2447260
P2447270
P2448590
P2448910
P2244868
P2245618
P2249908
P2251988
P2252388
P2252668
P2255518
P2255828
P2259208
P2259898
P2260078
P2261928
P2326188
P2326278
P2326878
P2447410
P2212178
P2378810
P2429404
P2429874
P2430164
P2430274
P2430364
P2430434
P2430444
P2430744
P2430864
P2431074
P2431194
P2431234
P2431244
P2434136
P2434196
P2434306
P2443298
P2445130
P2449480
P2449650
P2452670
P2467214
P2468064
P2471558
P2474008
P2474248
P2479378
P2479508
P2479888
P2487138
P2489338
P2501298
P2501438
P2501528
P2501568
P2501998
P2502908
P2513178
P2513188
P2513298
P2242508
P2242648
P2243138
P2243838
P2243858
P2243888
P2244058
P2244178
P2244318
P2244368
P2244648
P2244878
P2244918
P2245078
P2246178
P2246588
P2246658
P2246938
P2247368
P2247428
P2247508
P2247788
P2247968
P2248068
P2248078
P2248348
P2248458
P2248568
P2248588
P2248808
P2248908
P2249048
P2249288
P2249538
P2249598
P2250098
P2250298
P2251928
P2253408
P2253418
P2255428
P2255458
P2255778
P2255948
P2257488
P2257668
P2258328
P2258988
P2260288
P2261228
P2261588
P2261788
P2261888
P2324338
P2398064
P2436906
P2437606
P2442738
P2443378
P2446000
P2446260
P2448260
P2448560
P2570892
P2570982
P2571042
P2808851
P2251918
P2468304
P2478628
P2479398
P2480058
P2495178
P2513238
P2448920
P2259628
P2479808
P2244508
P2248088
P2250228
P2324668
P2387540
P2448570
P2245188
P2245458
P2252698
P2252798
P2412066
P2434256
P2469776
P2470186
P2474188
P2478788
P2479648
P2480868
P2513328
P2245498
P2245568
P2246428
P2248298
P2249778
P2250308
P2253888
P2254918
P2314818
P2756222
P2756232
P2756242
P2756252
P2756262
P2756272
P2756282
P2756292
P2756302
P2756312
P2788542
P6013449
P6013451
P6074561
P2326508
P2801754
P2802219
P2802234
P2244608
P2429654
P2242978
P2323998
P2433966
P2483278
P2508818
P2341986
P2247738
P2430194
P2430774
P2431224
P2433826
P2452130
P2467404
P2471738
P2479338
P2494478
P2494748
P2494808
P2494898
P2494938
P2503688
P2503778
P2470576
P2477228
P2494868
P2494918
P2496218
P2496598
P2505878
P2325158
P2429914
P2451880
P2463264
P2463314
P2463374
P2475798
P2495358
P2496398
P2496868
P2502488
P2502938
P2503058
P2503228
P2504478
P2324828
P2325098
P2329718
P2447490
P2448780
P2325048
P2329788
P2438996
P2457520
P2381900
P2430014
P2430624
P2440736
P2451810
P2452100
P2463304
P2463354
P2465314
P2481078
P2487148
P2488538
P2494398
P2494728
P2495128
P2495598
P2495618
P2496258
P2496578
P2501248
P2501518
P2502208
P2502388
P2502668
P2502708
P2502978
P2502998
P2503078
P2503208
P2503678
P2504348
P2504368
P2504398
P2504448
P2504458
P2508858
P2448180
P2448930
P2338356
P2481168
P2501468
P2243238
P2479698
P2504408
P2570872
P6021377
P2247438
P2222608
P2397504
P2397524
P2400070
P2400150
P2400170
P2415862
P2415882
P2463424
P2467724
P2223158
P2251068
P2251158
P2251248
P2251338
P2247518
P2247538
P2396844
P2397094
P2397124
P2397184
P2400510
P2400660
P2400680
P2400710
P2474778
P2246828
P2405000
P2252488
P2252518
P2222798
P2222898
P2396854
P2401200
P2404220
P2404560
P2435406
P2463444
P2463454
P2480468
P2482472
P2251698
P2252308
P2252338
P2259488
P2342006
P2222808
P2222858
P2223048
P2223088
P2246568
P2246618
P2246708
P2251288
P2247458
P2251728
P2326538
P2222918
P2397134
P2397224
P2399870
P2401060
P2404540
P2405100
P2474748
P2474768
P2474798
P2222588
P2222598
P2222678
P2222778
P2251598
P2222658
P2222968
P2222988
P2397234
P2400980
P2401300
P2404870
P2442818
P2443058
P2463434
P2223118
P2223148
P2400090
P2435486
P2222568
P2222578
P2222588
P2222598
P2222608
P2222618
P2222628
P2222638
P2222648
P2222658
P2222668
P2222678
P2222688
P2222698
P2222708
P2222718
P2222728
P2222738
P2222748
P2222758
P2222768
P2222778
P2222788
P2222798
P2222808
P2222818
P2222828
P2222838
P2222848
P2222858
P2222868
P2222878
P2222888
P2222898
P2222908
P2222918
P2222928
P2222938
P2222948
P2222958
P2222968
P2222978
P2222988
P2222998
P2223018
P2223028
P2223038
P2223048
P2223058
P2223068
P2223078
P2223088
P2223108
P2223138
P2223158
P2223178
P2223198
P2246368
P2246408
P2246448
P2246528
P2246568
P2246618
P2246668
P2246708
P2246748
P2246788
P2246828
P2246908
P2246958
P2246998
P2247038
P2251068
P2251158
P2251198
P2251248
P2251288
P2251338
P2210378
P2210548
P2210578
P2211488
P2211868
P2212198
P2212288
P2212838
P2213168
P2213228
P2213428
P2213638
P2214718
P2215138
P2215248
P2215758
P2216168
P2216448
P2216608
P2216868
P2217178
P2217198
P2217388
P2217498
P2217828
P2217878
P2218028
P2218328
P2254478
P2254968
P2429884
P2429954
P2429994
P2430024
P2430074
P2430114
P2430134
P2430204
P2430224
P2430254
P2430304
P2430314
P2430324
P2430354
P2430464
P2430474
P2430484
P2430514
P2430544
P2430594
P2430684
P2430714
P2430734
P2430764
P2430784
P2430834
P2430914
P2430954
P2431004
P2431034
P2431134
P2431154
P2431174
P2431204
P2431294
P2433996
P2434066
P2434116
P2434186
P2434216
P2442528
P2442538
