PATTERN,COUNT
G1671139P2323998_014444_PL01DF_FBXXX_US1XM1X1XXXQXXXXX_FUNC_EVTPREFQ,1
G1671422P2243878_014444_PL01DF_FTXXX_US1XM1X0XXXHXXXXX_THR_A20M,6
G1672454P2396234_014444_PL01DF_FTXXX_US1XM1X0XXXHXXXXX_CREVDETD_MULTEVENTS_T1_2,4
G1676283P2214978_014444_PL01DF_FTXXX_US1XM1X0XXXHXXXXX_BF_M4_LDDQU_BP,1
G1676710P2469754_014444_PL01DF_FTXXX_US1XM1X0XXXHXXXXX_BUS1_MSFTS2_T0_PWRDN,2
G1677264P2498638_014444_PL01DF_FTXXX_US1XM1X2XXXHXXXXX_MOS_SATAGARYM_THREAD_VALID_CLEAR_2,1
G1677354P2502688_014444_PL01DF_FTXXX_US1XM1X2XXXQXXXXX_MOS_MOLLARYM_LB_CAM0_SPHIT_25_MT1,1
G1678284P2808851_014444_PL01DF_FTXXX_US1XM1X2XXXHXXXXX_HE_64BIT_GENERIC_INT_MT,6
G1678513P2445140_014444_PL01DF_FTXXX_US1XM1X0XXXHXXXXX_DPU_UL1_RAND_STORE_DATA_4,1
G1679540P2500058_014444_PL01DF_FTXXX_US1XM1X1XXXQXXXXX_BOGBR_9A_1,1
G1680203P2478708_014444_PL01DF_FTXXX_US1XM1X0XXXHXXXXX_SAAT_FT_PL0_RHINE_RAND_011,1
G1680270P2801757_014444_PL01DF_FUXXX_UX1XM1X0XXXHXXXXX_UL1_SINGLEBITECC_PBIST_DATA,2
G1681316P2259308_014444_PL01DF_FTXXX_US1XM1X0XXXHXXXXX_FC_STPCLK_NOP_T0,1
G1681339P2430384_014444_PL01DF_FTXXX_US1XM1X2XXXHXXXXX_LOCKRAND_MT_TOGGLE,2
G1681571P2808874_014444_PL01DF_FTXXX_US1XM1X2XXXHXXXXX_HE_64BIT_GENERIC_INT_MT,1
G1681778P2429974_014444_PL01DF_FTXXX_US1XM1X2XXXHXXXXX_LOCKRAND_MT_TOGGLE,2
G1681962P2396084_014444_PL01DF_FTXXX_US1XM1X0XXXHXXXXX_CREVDETD_MULTEVENTS_T0_4,2
G1682190P2445130_014444_PL01DF_FTXXX_US1XM1X0XXXHXXXXX_DPU_UL1_RAND_STORE_DATA_3,1
G1682203P2756262_014444_PL01DF_FBXXX_UX1XM1X0XXXHXXXXX_T3THR_IPD_GENERIC,2
G1682592P2396184_014444_PL01DF_FTXXX_US1XM1X0XXXHXXXXX_IRR_ISR_EVEN,2
G1682663P2447250_014444_PL01DF_FBXXX_US1XM1X0XXXHXXXXX_FUNC_DATAERR,1
G1683307P2801754_014444_PL01DF_FUXXX_UX1XM1X0XXXHXXXXX_UL1_SINGLEBITECC_PBIST_DATA,12
G1683460P2431084_014444_PL01DF_FTXXX_US1XM1X2XXXHXXXXX_LOCKRAND_MT_TOGGLE,1
G1684160P2478688_014444_PL01DF_FTXXX_US1XM1X0XXXHXXXXX_MOB_FT_PL2_RHINE_RAND_019,3
G1687843P2242758_014444_PL01DF_FTXXX_US1XM1X0XXXHXXXXX_FUSE_MSR,4
G1689191P2242438_014444_PL01DF_FTXXX_US1XM1X0XXXHXXXXX_DAC_EMON,18
G1689549P2504368_014444_PL01DF_FTXXX_US1XM1X1XXXQXXXXX_MOS_SASEGARYM_FLASHCOPY_FDS_HIGHBITS_,4
G1689731P2502258_014444_PL01DF_FTXXX_US1XM1X2XXXHXXXXX_MOS_MOLLARYM_LB_CAM0_SPHIT_16_MT0,1
G1690814P2261548_014444_PL01DF_FTXXX_US1XM1X0XXXHXXXXX_PXXNUM,1
G1692414P2479488_014444_PL01DF_FTXXX_US1XM1X0XXXHXXXXX_DAC_FT_PL1_RHINE_RAND_015,4
G1693076P2756242_014444_PL01DF_FBXXX_UX1XM1X0XXXHXXXXX_T3THR_CVTPS2PD_PSCB2_23,1
G1693366P2480158_014444_PL01DF_FTXXX_US1XM1X0XXXHXXXXX_MOS_MOB_EMON_BASIC_08,1
G1693424P2245188_014444_PL01DF_FTXXX_US1XM1X0XXXHXXXXX_MEU_PMH_FT_PAGE_ATTRB_LG,1
G1693427P2801756_014444_PL01DF_FUXXX_UX1XM1X0XXXHXXXXX_UL1_SINGLEBITECC_PBIST_DATA,6
G1694276P2570872_014444_PL01DF_FTXXX_US1XM1X0XXXHXXXXX_CT_ASIZE32_FS_AGU_CARRY_SPECIFIC,2
G1694831P2246468_014444_PL01DF_FTXXX_US1XM1X0XXXHXXXXX_FMXD_MIXED4,1
G1694933P2396194_014444_PL01DF_FTXXX_US1XM1X0XXXHXXXXX_IRR_ISR_ODD,2
G1698159P2329378_014444_PL01DF_FTXXX_US1XM1X2XXXHXXXXX_FSPIMUX4,1
G1698579P2412066_014444_PL01DF_FTXXX_US1XM1X0XXXHXXXXX_PATCH_MAX_RESOURCES,6
G1710547P2259688_014444_PL01DF_FTXXX_US1XM1X0XXXHXXXXX_SPEEDPATH_PIPEX3,1
