PATTERN,COUNT
G1675232P2430754_014444_PL01DF_FTXXX_US1XM1X0XXXHXXXXX_BPI_YTADDRESS_LOGIC_T0,8
G1677738P2396104_014444_PL01DF_FTXXX_US1XM1X0XXXHXXXXX_CREVDETD_MULTEVENTS_T0_5,4
G1678775P2244818_014444_PL01DF_FTXXX_US1XM1X0XXXHXXXXX_FMXD_MMX9,1
G1680296P2405000_014444_PL01DV_FTXXX_US1XM1X2XXXHXXXXX_BAV_APIC_REG_OTHER_APICBASE,8
G1680456P2325058_014444_PL01DF_FTXXX_US1XM1X1XXXQXXXXX_PMH_FT_T1__B4K_ACFG_ORP_000,4
G1680747P2468064_014444_PL01DF_FTXXX_US1XM1X0XXXHXXXXX_MOB_FT_PL1_RHINE_RAND_000,1
G1682502P2429514_014444_PL01DF_FTXXX_US1XM1X2XXXHXXXXX_SAMELINE_FC_MT_784878519,2
G1682592P2396184_014444_PL01DF_FTXXX_US1XM1X0XXXHXXXXX_IRR_ISR_EVEN,1
G1683303P2437046_014444_PL01DF_FTXXX_US1XM1X2XXXHXXXXX_ISROUTPUT4A,1
G1684160P2478688_014444_PL01DF_FTXXX_US1XM1X0XXXHXXXXX_MOB_FT_PL2_RHINE_RAND_019,1
G1685253P2299578_014444_PL01DF_FTXXX_US1XM1X2XXXHXXXXX_VEGA_SHREMP_332506615,4
G1685258P2292288_014444_PL01DF_FTXXX_US1XM1X2XXXHXXXXX_BIGRM_FC_MT_236398807,6
G1685551P2329388_014444_PL01DF_FTXXX_US1XM1X0XXXHXXXXX_FSPIMUX3,2
G1688892P2247318_014444_PL01DF_FTXXX_US1XM1X0XXXHXXXXX_HAYSTACK_NWDB3_17,20
G1689191P2242438_014444_PL01DF_FTXXX_US1XM1X0XXXHXXXXX_DAC_EMON,2
G1690048P2430804_014444_PL01DF_FTXXX_US1XM1X0XXXHXXXXX_URDR_UWDR_CONFLICTS_DIFFJMPS,4
G1690669P2244478_014444_PL01DF_FTXXX_US1XM1X0XXXHXXXXX_PIC_WB_EN1_PROT_MODE_TEMPLATE_MT,1
G1691705P2323868_014444_PL01DF_FTXXX_US1XM1X0XXXHXXXXX_RLB_L1_MISS_L2_HIT,1
G1692805P2259898_014444_PL01DF_FTXXX_US1XM1X0XXXHXXXXX_CD1NW1STSPLIT1,1
G1693903P2430564_014444_PL01DF_FTXXX_US1XM1X2XXXHXXXXX_LOCKRAND_MT_TOGGLE,1
G1694590P2478668_014444_PL01DF_FTXXX_US1XM1X0XXXHXXXXX_MOB_FT_PL1_RHINE_RAND_017,4
G1694712P2244218_014444_PL01DF_FTXXX_US1XM1X0XXXHXXXXX_FMXD_ARITH8,4
G1694933P2396194_014444_PL01DF_FTXXX_US1XM1X0XXXHXXXXX_IRR_ISR_ODD,2
G1696422P2463534_014444_PL01DF_FTXXX_US1XM1X0XXXHXXXXX_DPU_PMH_CR_BASIC_1,163
G1701724P2437776_014444_PL01DF_FTXXX_US1XM1X2XXXHXXXXX_TMRCHAINTESTOUTPUT6A,1
G1701788P2325278_014444_PL01DF_FTXXX_US1XM1X0XXXHXXXXX_CACHEABLE_UNCACHEABLE_PAGE_SPLIT_ORP_,1
G1702496P2447730_014444_PL01DF_FTXXX_US1XM1X2XXXHXXXXX_TMRCHAINTESTOUTPUT7A,1
G1702631P2243008_014444_PL01DF_FTXXX_US1XM1X0XXXHXXXXX_UL1D6K_40K,1
