PATTERN,COUNT
G1671139P2323998_014444_PL01DF_FBXXX_US1XM1X1XXXQXXXXX_FUNC_EVTPREFQ,5
G1674921P2260358_014444_PL01DF_FTXXX_US1XM1X0XXXHXXXXX_BASIC_PM_MOVS,1
G1675818P2324598_014444_PL01DF_FTXXX_US1XM1X0XXXHXXXXX_UL1_FT_T0_WCB_SNOOP_EVICTIONS_ORP_001,4
G1675864P2429944_014444_PL01DF_FTXXX_US1XM1X2XXXHXXXXX_LOCKRAND_MT_TOGGLE,1
G1676280P2434766_014444_PL01DF_FBXXX_US1XM1X2XXXHXXXXX_S_MART_RANDOM_339896,3
G1676379P2430014_014444_PL01DF_FTXXX_US1XM1X2XXXHXXXXX_LOCKRAND_MT_TOGGLE,1
G1676395P2430674_014444_PL01DF_FTXXX_US1XM1X2XXXHXXXXX_LOCKRAND_MT_TOGGLE,1
G1677771P2398954_014444_PL01DF_FBXXX_US1XM1X2XXXHXXXXX_S_MART_RANDOM_0340140,7
G1678017P2324618_014444_PL01DF_FTXXX_US1XM1X0XXXHXXXXX_UL1_FT_T0_WCB_EVICTIONS_ORP_001,5
G1678451P2430634_014444_PL01DF_FTXXX_US1XM1X2XXXHXXXXX_LOCKRAND_MT_TOGGLE,1
G1679745P2253138_014444_PL01DF_FTXXX_US1XM1X0XXXHXXXXX_TBT_NON_BRANCH,1
G1679795P2452670_014444_PL01DF_FTXXX_US1XM1X0XXXHXXXXX_YT7_PREFQ_T0,3
G1679997P2429564_014444_PL01DF_FTXXX_US1XM1X2XXXHXXXXX_MEMORY_EXECUTION_480980566,1
G1680311P2247438_014444_PL01DV_FTXXX_US1XM1X0XXXHXXXXX_BAV_APIC_PRI1_FIXED,3
G1680579P2243998_014444_PL01DF_FTXXX_US1XM1X0XXXHXXXXX_FDIV_FPCONST,1
G1680709P2437586_014444_PL01DF_FTXXX_US1XM1X2XXXHXXXXX_ISROUTPUT2,2
G1681339P2430384_014444_PL01DF_FTXXX_US1XM1X2XXXHXXXXX_LOCKRAND_MT_TOGGLE,4
G1681480P2452700_014444_PL01DF_FTXXX_US1XM1X2XXXHXXXXX_TD_PROT_MODE_SYSCALL_MT_812389931,10
G1681500P2445150_014444_PL01DF_FTXXX_US1XM1X0XXXHXXXXX_DPU_UL1_RAND_STORE_DATA_5,1
G1681571P2808874_014444_PL01DF_FTXXX_US1XM1X2XXXHXXXXX_HE_64BIT_GENERIC_INT_MT,1
G1681736P2467834_014444_PL01DF_FTXXX_US1XM1X0XXXHXXXXX_FMXD_WNI2_TESTGEN,3
G1682019P2808855_014444_PL01DF_FTXXX_US1XM1X2XXXHXXXXX_HE_64BIT_GENERIC_INT_MT,1
G1682213P2463724_014444_PL01DF_FTXXX_US1XM1X2XXXHXXXXX_TD_PROT_MODE_FARCALL_MT_133855825,174
G1682218P2260728_014444_PL01DF_FTXXX_US1XM1X0XXXHXXXXX_MOB_SMC1,1
G1682598P2430444_014444_PL01DF_FTXXX_US1XM1X2XXXHXXXXX_LOCKRAND_MT_TOGGLE,2
G1682891P2430904_014444_PL01DF_FTXXX_US1XM1X2XXXHXXXXX_LOCKRAND_MT_TOGGLE,13
G1683005P2255938_014444_PL01DF_FTXXX_US1XM1X0XXXHXXXXX_CMOVL_NGE_0F4C_MODRM_10_P,1
G1683141P2430694_014444_PL01DF_FTXXX_US1XM1X2XXXHXXXXX_LOCKRAND_MT_TOGGLE,6
G1683298P2247018_014444_PL01DF_FTXXX_US1XM1X2XXXHXXXXX_RRRR_FCW_MPRED_NUKE_MT,4
G1683322P2445490_014444_PL01DF_FTXXX_US1XM1X0XXXHXXXXX_BUS1_PREFQTUNE_YT3,2
G1683408P2246508_014444_PL01DF_FTXXX_US1XM1X0XXXHXXXXX_FMXD_MIXED5,2
G1684245P2254138_014444_PL01DF_FTXXX_US1XM1X0XXXHXXXXX_MOV_0F20_ISA_DS_P_01,32
G1684722P2449480_014444_PL01DF_FTXXX_US1XM1X1XXXHXXXXX_YT4_DMP_T1,1
G1684835P2434776_014444_PL01DF_FBXXX_US1XM1X2XXXHXXXXX_S_MART_RANDOM_339899,6
G1685516P2242738_014444_PL01DF_FTXXX_US1XM1X0XXXHXXXXX_KNICVT,1
G1686244P2244108_014444_PL01DF_FTXXX_US1XM1X0XXXHXXXXX_FDIV_PI_MARCHING1S,1
G1686338P2434956_014444_PL01DF_FBXXX_US1XM1X2XXXHXXXXX_S_MART_RANDOM_340199,7
G1686449P2261928_014444_PL01DF_FTXXX_US1XM1X0XXXHXXXXX_VME1_IASM,66
G1686480P2242858_014444_PL01DF_FTXXX_US1XM1X0XXXHXXXXX_UL1DAK_FKV2,2
G1686493P2259438_014444_PL01DF_FTXXX_US1PM1X0XXXHXXXXX_GEN8WMT_J,5
G1686755P2434836_014444_PL01DF_FBXXX_US1XM1X2XXXHXXXXX_S_MART_RANDOM_339927,2
G1687518P2324568_014444_PL01DF_FTXXX_US1XM1X0XXXHXXXXX_UL1_FT_T0_WCB_EVICTIONS_ORP_002,1
G1688376P2244258_014444_PL01DF_FTXXX_US1XM1X0XXXHXXXXX_FMXD_FAX_ARITH1,3
G1689191P2242438_014444_PL01DF_FTXXX_US1XM1X0XXXHXXXXX_DAC_EMON,27
G1689920P2249118_014444_PL01DF_FTXXX_US1XM1X0XXXHXXXXX_CMOVNB_AE_NC_0F43_MODRM_00_R,13
G1690716P2244378_014444_PL01DF_FTXXX_US1XM1X0XXXHXXXXX_UL1_4SET_EVICT,1
G1690722P2452690_014444_PL01DF_FTXXX_US1XM1X2XXXHXXXXX_TD_PROT_MODE_STRINGS_MT_439643779,2
G1690998P2449090_014444_PL01DF_FTXXX_US1XM1X0XXXHXXXXX_EXEC_FT_T0__FRITSFPU_UNDFL_FADD_ORP_0,13
G1691047P2246588_014444_PL01DF_FTXXX_US1XM1X0XXXHXXXXX_FMXD_MIXED7,18
G1691232P2253638_014444_PL01DF_FTXXX_US1XM1X0XXXHXXXXX_COMBM2_RAND_KM_RM1_E_3,2
G1691561P2325028_014444_PL01DF_FTXXX_US1XM1X0XXXHXXXXX_PMH_FT_T0__B4K_ACFG_ORP_000,5
G1692828P2808866_014444_PL01DF_FTXXX_US1XM1X2XXXHXXXXX_HE_64BIT_GENERIC_INT_MT,1
G1693176P2325008_014444_PL01DF_FTXXX_US1XM1X0XXXHXXXXX_PMH_FT_T0__B4K_ADG_ORP_000,1
G1693544P2481398_014444_PL01DF_FTXXX_US1XM1X2XXXHXXXXX_TD_PROT_MODE_GATE_MT,1
G1694134P2431284_014444_PL01DF_FTXXX_US1XM1X2XXXHXXXXX_LOCKRAND_MT_TOGGLE,1
G1694275P2259408_014444_PL01DF_FTXXX_US1PM1X0XXXHXXXXX_RRRRSHARKY_005,1
G1694518P2246648_014444_PL01DF_FTXXX_US1XM1X0XXXHXXXXX_COMBM2_RAND_KM_RM3_E_8,1
G1694712P2244218_014444_PL01DF_FTXXX_US1XM1X0XXXHXXXXX_FMXD_ARITH8,3
G1695762P2434856_014444_PL01DF_FBXXX_US1XM1X2XXXHXXXXX_S_MART_RANDOM_339931,2
G1696354P2429394_014444_PL01DF_FTXXX_US1XM1X0XXXHXXXXX_MOS_MOSLARYM_LA_CAM_HIGHBITS_0,3
G1696408P2808859_014444_PL01DF_FTXXX_US1XM1X2XXXHXXXXX_HE_64BIT_GENERIC_INT_MT,1
G1696822P2447410_014444_PL01DF_FTXXX_US1XM1X2XXXHXXXXX_SAMISCS_T1ISIDESTARV_MT,3
G1697231P2243368_014444_PL01DF_FTXXX_US1XM1X0XXXHXXXXX_CVTP_DSI,2
G1697412P2468324_014444_PL01DF_FTXXX_US1XM1X0XXXHXXXXX_UL1_FT_PL1_RHINE_RAND_000,1
G1697550P2808857_014444_PL01DF_FTXXX_US1XM1X2XXXHXXXXX_HE_64BIT_GENERIC_INT_MT,1
G1701693P2248568_014444_PL01DF_FTXXX_US1XM1X0XXXHXXXXX_BOUND_62_MODRM_00_R,15
G1702248P2429384_014444_PL01DF_FTXXX_US1XM1X2XXXHXXXXX_TD_PROT_MODE_ARRAY_TEST_MT_233455398,7
G1704881P2463734_014444_PL01DF_FTXXX_US1XM1X2XXXHXXXXX_TD_PROT_MODE_CALL_RET_MT_981640028,5
G1707276P2250228_014444_PL01DF_FTXXX_US1XM1X0XXXHXXXXX_FEC_OPS_GEN,1
G1709879P2463754_014444_PL01DF_FTXXX_US1XM1X2XXXHXXXXX_TD_PROT_MODE_FARCALL_MT_984397015,59
G1710547P2259688_014444_PL01DF_FTXXX_US1XM1X0XXXHXXXXX_SPEEDPATH_PIPEX3,1
