PATTERN,COUNT
G1647613P2222768_011414_PL01DY_FTAXX_UX1XM1X0XXXFXXXXX_BAV_ARB_SYM_AGENT_NO_OWNER,1
G1647648P2222858_011414_PL01DY_FTAXX_UX1XM1X0XXXFXXXXX_BAV_ARB_PRI_AGENT2,1
G1647802P2246668_011414_PL01DY_FTAXX_UX1XM1X0XXXFXXXXX_BAV_READ_RSP_STPCLK,1
G1647854P2246828_011414_PL01DY_FTAXX_UX1XM1X0XXXFXXXXX_BAV_HALT_STPCLK_INIT,15
G1647999P2246828_011515_PL01DY_FTAXX_UX1XM1X0XXXFXXXXX_BAV_HALT_STPCLK_INIT,2
G1648680P2246958_011717_PL01DY_FTBXX_UX1XM1X2XXXFXXXXX_BAV_LOCK,1
G1649618P2251338_011717_PL01DY_FTAXX_UX1XM1X2XXXFXXXXX_BAV_APIC_INIT_REG_3,1
G1649680P2251068_011717_PL01DY_FTAXX_UX1XM1X2XXXFXXXXX_BAV_APIC_INIT_EOI,6
G1649680P2251068_011717_PL01DY_FTBXX_UX1XM1X2XXXFXXXXX_BAV_APIC_INIT_EOI,1
