PATTERN,COUNT,TESTNAME
G1679745P2253138_014444_PL01DF_FTXXX_US1XM1X0XXXHXXXXX_TBT_NON_BRANCH,1,GV_NOC_014444_MINVCC_642800_0306
G1679997P2429564_014444_PL01DF_FTXXX_US1XM1X2XXXHXXXXX_MEMORY_EXECUTION_480980566,1,GV_NOC_014444_MINVCC_642800_0340
G1682213P2463724_014444_PL01DF_FTXXX_US1XM1X2XXXHXXXXX_TD_PROT_MODE_FARCALL_MT_133855825,8,GV_NOC_014444_MINVCC_642800_0306
G1682218P2260728_014444_PL01DF_FTXXX_US1XM1X0XXXHXXXXX_MOB_SMC1,1,GV_NOC_014444_MINVCC_642800_0328
G1685516P2242738_014444_PL01DF_FTXXX_US1XM1X0XXXHXXXXX_KNICVT,1,GV_NOC_014444_MINVCC_642800_0306
G1686493P2259438_014444_PL01DF_FTXXX_US1PM1X0XXXHXXXXX_GEN8WMT_J,1,GV_NOC_014444_MINVCC_642800_0306
G1689191P2242438_014444_PL01DF_FTXXX_US1XM1X0XXXHXXXXX_DAC_EMON,4,GV_NOC_014444_MINVCC_642800_0306
G1689191P2242438_014444_PL01DF_FTXXX_US1XM1X0XXXHXXXXX_DAC_EMON,1,GV_NOC_014444_MINVCC_642800_0342
G1691047P2246588_014444_PL01DF_FTXXX_US1XM1X0XXXHXXXXX_FMXD_MIXED7,2,GV_NOC_014444_MINVCC_642800_0306
G1691232P2253638_014444_PL01DF_FTXXX_US1XM1X0XXXHXXXXX_COMBM2_RAND_KM_RM1_E_3,2,GV_NOC_014444_MINVCC_642800_0306
G1694275P2259408_014444_PL01DF_FTXXX_US1PM1X0XXXHXXXXX_RRRRSHARKY_005,1,GV_NOC_014444_MINVCC_642800_0306
G1696822P2447410_014444_PL01DF_FTXXX_US1XM1X2XXXHXXXXX_SAMISCS_T1ISIDESTARV_MT,1,GV_NOC_014444_MINVCC_642800_0306
G1697412P2468324_014444_PL01DF_FTXXX_US1XM1X0XXXHXXXXX_UL1_FT_PL1_RHINE_RAND_000,1,GV_NOC_014444_MINVCC_642800_0330
G1704881P2463734_014444_PL01DF_FTXXX_US1XM1X2XXXHXXXXX_TD_PROT_MODE_CALL_RET_MT_981640028,3,GV_NOC_014444_MINVCC_642800_0306
G1709879P2463754_014444_PL01DF_FTXXX_US1XM1X2XXXHXXXXX_TD_PROT_MODE_FARCALL_MT_984397015,10,GV_NOC_014444_MINVCC_642800_0306
