P2236158,1
P2468704,1
P2364680,1
P2230088,1
P2505668,1
P2241538,1
P2233778,1
P2230758,1
P2229928,1
P2485908,1
P2344346,1
P2490088,1
P2444490,1
P2230798,1
P2235198,1
P2389238,1
P2266478,1
P2436746,1
P2231208,1
P2345162,1
P2239548,1
P2235028,1
P2364620,1
P2505598,1
P2238818,1
P2240158,1
P2234678,1
P2509488,1
P2235958,1
P2477828,1
P2375100,1
P2387778,1
P2231028,1
P2345382,1
P2238738,1
P2230968,1
P2339246,1
P2388978,1
P2232378,1
P2344730,1
P2230188,1
P2240108,1
P2481308,1
P2473628,1
P2236408,1
P2345272,1
P2480608,1
P2387788,1
P2485928,1
P2236668,1
P2345452,1
P2239848,1
P2344760,1
P2493988,1
P2231168,1
P2344296,1
P2241458,1
P2237108,1
P2234528,1
P2505628,1
P2443468,1
P2443188,1
P2458924,1
P2238908,1
P2230828,1
P2241588,1
P2439686,1
P2473658,1
P2487088,1
P2472968,1
P2230148,1
P2389068,1
P2220318,1
P2232028,1
P2505718,1
P2447770,1
P2485968,1
P2447760,1
P2477848,1
P2230868,1
P2386560,1
P2236648,1
P2344910,1
P2472878,1
P2241718,1
P2482232,1
P2344206,1
P2236208,1
P2443568,1
P2339266,1
P2473718,1
P2220278,1
P2240088,1
P2345010,1
P2237258,1
P2238198,1
P2240408,1
P2240728,1
P2477858,1
P2345052,1
P2440888,1
P2444710,1
P2330122,1
P2235848,1
P2472348,1
P2343936,1
P2233788,1
P2239468,1
P2231878,1
P2345552,1
P2235168,1
P2237218,1
P2385492,1
P2503258,1
P2416928,1
P2241568,1
P2241918,1
P2345562,1
P2386000,1
P2485868,1
P2231798,1
P2387030,1
P2241448,1
P2465964,1
P2236088,1
P2256798,1
P2472318,1
P2232258,1
P2230988,1
P2442788,1
P2386350,1
P2389338,1
P2230778,1
P2230858,1
P2237538,1
P2385452,1
P2446840,1
P2344426,1
P2237438,1
P2473378,1
P2222278,1
P2229878,1
P2485998,1
P2384300,1
P2241388,1
P2232578,1
P2229898,1
P2233658,1
P2473668,1
P2236228,1
P2502318,1
P2344770,1
P2233198,1
P2477918,1
P2330102,1
P2505578,1
P2241508,1
P2472618,1
P2234488,1
P2232648,1
P2233068,1
P2423312,1
P2310078,1
P2236478,1
P2222298,1
P2230048,1
P2495548,1
P2234078,1
P2233728,1
P2515468,1
P2234738,1
P2266398,1
P2509578,1
P2229938,1
P2344476,1
P2236148,1
P2241038,1
P2388828,1
P2465994,1
P2364690,1
P2475118,1
P2437216,1
P2384360,1
P2444650,1
P2505638,1
P2472838,1
P2509508,1
P2233848,1
P2417098,1
P2505568,1
P2237338,1
P2344146,1
P2236068,1
P2485988,1
P2477908,1
P2236398,1
P2233408,1
P2233988,1
P2237148,1
P2473698,1
P2236448,1
P2495508,1
P2444770,1
P2509598,1
P2417088,1
P2232038,1
P2241978,1
P2472548,1
P2230848,1
P2458934,1
P2234798,1
P2499908,1
P2330152,1
P2443558,1
P2238978,1
P2344810,1
P2344466,1
P2233138,1
P2387728,1
P2231238,1
P2241358,1
P2238998,1
P2233978,1
P2376690,1
P2489348,1
P2230738,1
P2236608,1
P2230428,1
P2242178,1
P2445450,1
P2442838,1
P2266528,1
P2472528,1
P2233808,1
P2310098,1
P2444780,1
P2235088,1
P2473118,1
P2345762,1
P2236128,1
P2233918,1
P2387020,1
P2345422,1
P2505698,1
P2234618,1
P2231708,1
P2230118,1
P2339326,1
P2233738,1
P2472888,1
P2230408,1
P2236498,1
P2442828,1
P2234978,1
P2405742,1
P2449560,1
P2266418,1
P2235038,1
P2389168,1
P2458974,1
P2376580,1
P2472928,1
P2385182,1
P2338886,1
P2449590,1
P2509538,1
P2344880,1
P2237858,1
P2222198,1
P2230318,1
P2473288,1
P2435186,1
P2388858,1
P2386360,1
P2385332,1
P2344680,1
P2235498,1
P2339186,1
P2468694,1
P2472388,1
P2465984,1
P2502228,1
P2385292,1
P2235758,1
P2235798,1
P2345602,1
P2238008,1
P2234108,1
P2238588,1
P2496698,1
P2233578,1
P2231858,1
P2234388,1
P2345030,1
P2458944,1
P2241088,1
P2423012,1
P2515458,1
P2240638,1
P2389258,1
P2231868,1
P2230158,1
P2338656,1
P2344036,1
P2344436,1
P2230138,1
P2505708,1
P2405212,1
P2466024,1
P2437146,1
P2230568,1
P2239428,1
P2375010,1
P2231118,1
P2344790,1
P2502238,1
P2339176,1
P2449570,1
P2234158,1
P2236238,1
P2485898,1
P2236998,1
P2231248,1
P2388888,1
P2239668,1
P2330202,1
P2505608,1
P2338906,1
P2475108,1
P2443198,1
P2472598,1
P2310118,1
P2475388,1
P2505748,1
P2513388,1
P2338826,1
P2241558,1
P2385172,1
P2389288,1
P2241318,1
P2236388,1
P2503118,1
P2485938,1
P2236188,1
P2231818,1
P2372690,1
P2236428,1
P2473228,1
P2457440,1
P2232678,1
P2233628,1
P2437106,1
P2473608,1
P2344496,1
P2241868,1
P2236258,1
P2374630,1
P2234958,1
P2266568,1
P2233528,1
P2482142,1
P2231138,1
P2236168,1
P2241828,1
P2473618,1
P2440928,1
P2389228,1
P2233828,1
P2445440,1
P2240348,1
P2235298,1
P2475098,1
P2233968,1
P2241478,1
P2233748,1
P2475408,1
P2236288,1
P2388688,1
P2221758,1
P2467704,1
P2240288,1
P2232748,1
P2344226,1
P2339016,1
P2515438,1
P2330272,1
P2385432,1
P2386510,1
P2266668,1
P2473738,1
P2388318,1
P2481358,1
P2487108,1
P2385142,1
P2449610,1
P2234298,1
P2388878,1
P2504288,1
P2490068,1
P2234068,1
P2493878,1
P2343956,1
P2242108,1
P2503508,1
P2473748,1
P2472558,1
P2338836,1
P2231148,1
P2235548,1
P2515478,1
P2485978,1
P2470356,1
P2237578,1
P2339286,1
P2509448,1
P2330192,1
P2235078,1
P2338856,1
P2344196,1
P2234088,1
P2235858,1
P2230478,1
P2389148,1
P2231578,1
P2233438,1
P2435836,1
P2231018,1
P2237598,1
P2338616,1
P2230638,1
P2457390,1
P2468744,1
P2338976,1
P2241338,1
P2233048,1
P2374050,1
P2242088,1
P2230998,1
P2237368,1
P2515448,1
P2240708,1
P2230668,1
P2444470,1
P2338736,1
P2230688,1
P2470296,1
P2230068,1
P2472518,1
P2232938,1
P2345192,1
P2233008,1
P2364660,1
P2237328,1
P2232898,1
P2235188,1
P2384390,1
P2233148,1
P2376700,1
P2230808,1
P2233348,1
P2239608,1
P2220338,1
P2241468,1
P2239298,1
P2236178,1
P2330172,1
P2231898,1
P2236798,1
P2344636,1
P2473068,1
P2389178,1
P2231128,1
P2480368,1
P2467694,1
P2364590,1
P2229958,1
P2235358,1
P2386450,1
P2237198,1
P2240478,1
P2344096,1
P2416978,1
P2233038,1
P2440948,1
P2235348,1
P2230698,1
P2344870,1
P2231228,1
P2236338,1
P2442848,1
P2230658,1
P2239508,1
P2234198,1
P2330182,1
P2233958,1
P2388378,1
P2364640,1
P2344216,1
P2376760,1
P2241368,1
P2449620,1
P2256778,1
P2235318,1
P2241308,1
P2236768,1
P2235258,1
P2240268,1
P2477948,1
P2389118,1
P2229818,1
P2235338,1
P2230648,1
P2343966,1
P2230788,1
P2473198,1
P2241408,1
P2444530,1
P2339216,1
P2239918,1
P2502248,1
P2447750,1
P2388708,1
P2232138,1
P2234508,1
P2344690,1
P2236788,1
P2233928,1
P2443448,1
P2344820,1
P2240248,1
P2449630,1
P2238328,1
P2345362,1
P2490678,1
P2472398,1
P2234998,1
P2330112,1
P2234558,1
P2502828,1
P2405272,1
P2266178,1
P2344286,1
P2485918,1
P2468714,1
P2236628,1
P2236198,1
P2236008,1
P2240648,1
P2222288,1
P2241488,1
P2388768,1
P2233458,1
P2389308,1
P2472768,1
P2234818,1
P2385152,1
P2477168,1
P2266678,1
P2235608,1
P2232698,1
P2344186,1
P2240148,1
P2338706,1
P2330142,1
P2473128,1
P2388958,1
P2234208,1
P2241378,1
P2234758,1
P2237878,1
P2241858,1
P2345352,1
P2233418,1
P2485958,1
P2232178,1
P2235968,1
P2437336,1
P2234598,1
P2235768,1
P2472228,1
P2338946,1
P2344626,1
P2458964,1
P2338786,1
P2241498,1
P2237848,1
P2509558,1
P2236828,1
P2232288,1
P2233858,1
P2485888,1
P2338926,1
P2344156,1
P2376630,1
P2339006,1
P2237388,1
P2345752,1
P2232798,1
P2490078,1
P2234578,1
P2238488,1
P2442808,1
P2230978,1
P2470366,1
P2477818,1
P2344566,1
P2266148,1
P2364610,1
P2344086,1
P2240668,1
P2473138,1
P2339206,1
P2473398,1
P2238188,1
P2266388,1
P2230878,1
P2364720,1
P2473438,1
P2230168,1
P2235238,1
P2505678,1
P2385312,1
P2476108,1
P2423132,1
P2266638,1
P2468734,1
P2339086,1
P2233588,1
P2385422,1
P2385242,1
P2236848,1
P2344046,1
P2385472,1
P2422512,1
P2237078,1
P2374650,1
P2449580,1
P2240888,1
