P2449470,1,P2449470,1
P2468324,1,P2468324,1
P2261478,1,P2261478,1
P2430274,1,P2430274,1
P2261928,1,P2261928,1
P2396854,1,P2396854,1
P2249118,1,P2249118,1
P2468204,1,P2468204,1
P2210378,1,P2210378,1
P2452700,1,P2452700,1
P2422612,1,P2422612,1
P2802234,1,P2802234,1
P2257668,1,P2257668,1
P2323998,1,P2323998,1
P2463724,1,P2463724,1
P2396234,1,P2396234,1
P2324588,1,P2324588,1
P2447410,1,P2447410,1
P2469754,1,P2469754,1
P2463754,1,P2463754,1
P2430364,1,P2430364,1
P2245118,1,P2245118,1
P2447110,1,P2447110,1
P2248568,1,P2248568,1
P2246978,1,P2246978,1
P2314818,1,P2314818,1
P2487158,1,P2487158,1
P2468294,1,P2468294,1
P2430054,1,P2430054,1
P2387948,1,P2387948,1
P2801754,1,P2801754,1
P2255418,1,P2255418,1
P2244928,1,P2244928,1
P2400150,1,P2400150,1
P6013449,1,P6013449,1
P2808851,1,P2808851,1
P2325028,1,P2325028,1
P2463744,1,P2463744,1
P2802219,1,P2802219,1
